id,surv_time,xi,y
AROVwF1s,2018-05-01T23:06:42Z,5.731592649880214,27.717141698863173
rOsFInjF,2018-05-01T23:06:39Z,7.096642746829858,40.27024547713659
Pgo4JdC3,2018-05-01T23:06:41Z,4.815850115054345,24.57549142619671
Xo9OHkna,2018-05-01T23:06:40Z,4.5954850048116835,22.904930596951754
QCAWSGcv,2018-05-01T23:06:38Z,-0.0486751480847083,-1.7867214786454537
O2Xbek8S,2018-05-01T23:06:40Z,2.740471652612467,16.71030945981928
teYzOfis,2018-05-01T23:06:39Z,3.9655534638087704,24.48847613021926
hFHyLOIf,2018-05-01T23:06:40Z,5.380003978183103,34.80119809963477
Mf6t8Kbb,2018-05-01T23:06:40Z,2.107254196236818,9.919165345031026
ZkSfgoma,2018-05-01T23:06:40Z,6.737384015311209,37.33874743121433
pQAbN0yr,2018-05-01T23:06:38Z,0.563494065869711,-2.2545712139797844
CEpgn6HD,2018-05-01T23:06:39Z,-1.35982355220201,-12.775510126035792
b9zQTGme,2018-05-01T23:06:40Z,4.776902851575689,32.67795051111359
5GAVtAPB,2018-05-01T23:06:39Z,6.389300071740944,29.681965345214923
6UBksHgu,2018-05-01T23:06:39Z,7.511325731781209,39.972937377449995
WR8bnnbQ,2018-05-01T23:06:40Z,2.8467896320055273,12.152660408911013
kOoNzANY,2018-05-01T23:06:39Z,3.808132115453746,15.834704382932424
UlWvVzg2,2018-05-01T23:06:40Z,4.064508058595498,28.623274134067078
uAK3zPVq,2018-05-01T23:06:41Z,6.445845872408774,29.859459275020786
B9nHrlC6,2018-05-01T23:06:40Z,3.8411400231796775,18.841813171761274
MKPqEr55,2018-05-01T23:06:40Z,2.566536540713086,10.887340580443205
a35m7Gcb,2018-05-01T23:06:40Z,7.719317286146844,36.305484557485194
oupUo1pi,2018-05-01T23:06:39Z,3.9253987623617426,23.048371859511434
1wmVIcLH,2018-05-01T23:06:37Z,6.500925137529,30.317968651616457
ViPwns42,2018-05-01T23:06:41Z,1.3348537036334913,3.092934886233042
KYB3eAwI,2018-05-01T23:06:40Z,3.368013462217565,18.20074598371085
kQLnaALh,2018-05-01T23:06:39Z,-2.09347371866287,-15.282912156057822
l1q7S9od,2018-05-01T23:06:38Z,2.8540393579954504,13.235357109582075
OgwFf434,2018-05-01T23:06:40Z,-0.14813246425148918,-6.854451234966872
eWyQnS3Y,2018-05-01T23:06:40Z,5.038076896726935,19.196311325192024
AROVwF1s,2018-05-02T00:46:40Z,3.9203933859725493,21.724360164794035
rOsFInjF,2018-05-02T00:46:40Z,2.5515804257837695,13.402398578029809
Pgo4JdC3,2018-05-02T00:46:39Z,5.939064036969748,29.844190031972154
Xo9OHkna,2018-05-02T00:46:40Z,4.747468273904202,24.895718020003308
QCAWSGcv,2018-05-02T00:46:40Z,5.525949176081705,30.952803185811028
O2Xbek8S,2018-05-02T00:46:40Z,3.6954131051055117,19.508487112215526
teYzOfis,2018-05-02T00:46:41Z,1.2293744746933624,2.0455624345500096
hFHyLOIf,2018-05-02T00:46:40Z,7.841623349328465,43.09956132549718
Mf6t8Kbb,2018-05-02T00:46:40Z,4.239652498646659,23.810762420332967
ZkSfgoma,2018-05-02T00:46:41Z,1.5582913998835188,5.138847345290383
pQAbN0yr,2018-05-02T00:46:42Z,3.0457084434793797,7.173811661422388
CEpgn6HD,2018-05-02T00:46:39Z,3.3735082088532224,18.21251660305129
b9zQTGme,2018-05-02T00:46:38Z,5.166227089732488,29.139984419572684
5GAVtAPB,2018-05-02T00:46:39Z,1.5400772820474242,6.620067679802829
6UBksHgu,2018-05-02T00:46:39Z,2.6396142059448002,17.85656917774419
WR8bnnbQ,2018-05-02T00:46:41Z,3.423838779611806,14.92720384217391
kOoNzANY,2018-05-02T00:46:38Z,4.922132883427265,21.420481469428914
UlWvVzg2,2018-05-02T00:46:41Z,4.90115812924358,28.78821422862029
uAK3zPVq,2018-05-02T00:46:39Z,4.467662153375397,14.947991605460544
B9nHrlC6,2018-05-02T00:46:42Z,0.3550967661127129,-2.4488942753619023
MKPqEr55,2018-05-02T00:46:40Z,1.7766340971266752,6.084117133070185
a35m7Gcb,2018-05-02T00:46:39Z,5.587448000231874,32.19562989407649
oupUo1pi,2018-05-02T00:46:40Z,4.465868381744438,25.926812305540018
1wmVIcLH,2018-05-02T00:46:40Z,6.430651713284826,37.43697113078376
ViPwns42,2018-05-02T00:46:38Z,3.8204904976545944,15.8730242581889
KYB3eAwI,2018-05-02T00:46:38Z,3.524052705523166,13.454994024508888
kQLnaALh,2018-05-02T00:46:38Z,6.041433826719286,31.23305570039454
l1q7S9od,2018-05-02T00:46:42Z,1.5288404067807062,7.338046721625169
OgwFf434,2018-05-02T00:46:39Z,4.738584958411024,29.80488235147615
eWyQnS3Y,2018-05-02T00:46:40Z,4.947510619649721,18.3349305093726
AROVwF1s,2018-05-02T02:26:40Z,3.8985701897029386,21.979932062930786
rOsFInjF,2018-05-02T02:26:39Z,4.054667937944858,13.426055102504723
Pgo4JdC3,2018-05-02T02:26:40Z,2.9472854688439742,12.493332874570829
Xo9OHkna,2018-05-02T02:26:40Z,2.6281158934889977,20.7701292630949
QCAWSGcv,2018-05-02T02:26:39Z,2.994514613312277,20.745716217070367
O2Xbek8S,2018-05-02T02:26:41Z,-0.8140428183774482,-11.871878476180385
teYzOfis,2018-05-02T02:26:39Z,4.00685728247112,10.978815562964112
hFHyLOIf,2018-05-02T02:26:41Z,0.8105515857291272,6.778017820695427
Mf6t8Kbb,2018-05-02T02:26:39Z,4.674314449343498,26.969264301492412
ZkSfgoma,2018-05-02T02:26:40Z,6.56744279086265,34.37690041355319
pQAbN0yr,2018-05-02T02:26:41Z,5.97982438340609,27.406140310612752
CEpgn6HD,2018-05-02T02:26:38Z,4.737128885118051,24.42854316964693
b9zQTGme,2018-05-02T02:26:37Z,3.0182799103972364,12.565488224438344
5GAVtAPB,2018-05-02T02:26:39Z,-0.9268901940001504,-13.295735123664679
6UBksHgu,2018-05-02T02:26:38Z,3.1201051665116046,13.799462671831733
WR8bnnbQ,2018-05-02T02:26:41Z,3.1277249115310517,11.907099744076712
kOoNzANY,2018-05-02T02:26:41Z,8.017106717738226,42.367316626614475
UlWvVzg2,2018-05-02T02:26:40Z,6.208444626185418,32.57729534866923
uAK3zPVq,2018-05-02T02:26:40Z,3.483649541637793,13.73330771178168
B9nHrlC6,2018-05-02T02:26:39Z,5.553775531603911,31.01011564620405
MKPqEr55,2018-05-02T02:26:38Z,8.271019995082856,39.47784415908328
a35m7Gcb,2018-05-02T02:26:40Z,3.233702885062086,14.616290238287343
oupUo1pi,2018-05-02T02:26:39Z,3.8136639172250484,12.270306449701389
1wmVIcLH,2018-05-02T02:26:39Z,5.9374459679846545,27.85442956717122
ViPwns42,2018-05-02T02:26:40Z,2.6219155981783695,11.974286529583502
KYB3eAwI,2018-05-02T02:26:40Z,2.9289572223291493,9.476697563033845
kQLnaALh,2018-05-02T02:26:39Z,3.8516013926321313,16.989168578638232
l1q7S9od,2018-05-02T02:26:38Z,2.8237396002605637,15.748434344210304
OgwFf434,2018-05-02T02:26:39Z,5.7509800431676235,37.29047493845731
eWyQnS3Y,2018-05-02T02:26:39Z,3.8564475699014427,10.430998715002975
AROVwF1s,2018-05-02T04:06:41Z,5.989830107608892,25.254802261114044
rOsFInjF,2018-05-02T04:06:40Z,6.61489058121461,38.72803839916685
Pgo4JdC3,2018-05-02T04:06:41Z,3.113718761578562,10.355931355760312
Xo9OHkna,2018-05-02T04:06:40Z,5.785959030170616,27.19384458050957
QCAWSGcv,2018-05-02T04:06:39Z,5.799337891369367,36.398903923270126
O2Xbek8S,2018-05-02T04:06:40Z,5.818991677581856,33.58009796894034
teYzOfis,2018-05-02T04:06:39Z,4.098113443316334,21.789547164683572
hFHyLOIf,2018-05-02T04:06:42Z,8.027254089648746,43.57583453151378
Mf6t8Kbb,2018-05-02T04:06:39Z,4.273574768326613,21.927170848913672
ZkSfgoma,2018-05-02T04:06:39Z,6.929607325088517,40.94062608284539
pQAbN0yr,2018-05-02T04:06:41Z,1.5759999445046335,1.4271997978132434
CEpgn6HD,2018-05-02T04:06:38Z,4.441454017235699,22.994396875047187
b9zQTGme,2018-05-02T04:06:39Z,2.9642625191240253,13.078253091851677
5GAVtAPB,2018-05-02T04:06:39Z,2.043481718073746,4.239924996979884
6UBksHgu,2018-05-02T04:06:39Z,5.0386258197964064,21.480771221426373
WR8bnnbQ,2018-05-02T04:06:39Z,7.236926181486869,38.711246002459326
kOoNzANY,2018-05-02T04:06:41Z,4.6136017566857195,19.17878458466982
UlWvVzg2,2018-05-02T04:06:38Z,4.5590232402481625,19.070555796232345
uAK3zPVq,2018-05-02T04:06:40Z,5.693923693770512,29.737808865267755
B9nHrlC6,2018-05-02T04:06:41Z,3.663698400813529,22.031270629535207
MKPqEr55,2018-05-02T04:06:37Z,2.668652626828327,17.359499822576137
a35m7Gcb,2018-05-02T04:06:40Z,3.398445020630241,23.826748697667774
oupUo1pi,2018-05-02T04:06:39Z,4.116426200896261,21.594538697444293
1wmVIcLH,2018-05-02T04:06:39Z,4.311692608161059,22.26135269663885
ViPwns42,2018-05-02T04:06:39Z,-2.341737663710405,-15.416246557295434
KYB3eAwI,2018-05-02T04:06:40Z,2.522145405122239,13.814274974375884
kQLnaALh,2018-05-02T04:06:41Z,3.5298552002427077,21.52268156614323
l1q7S9od,2018-05-02T04:06:40Z,1.9158839839321296,12.718384853020922
OgwFf434,2018-05-02T04:06:39Z,6.183304788211696,33.223439638261944
eWyQnS3Y,2018-05-02T04:06:38Z,4.496383362249675,17.92206356952723
AROVwF1s,2018-05-02T05:46:39Z,2.8094938485487226,17.785967205175233
rOsFInjF,2018-05-02T05:46:38Z,5.3292920318021375,27.097489215779753
Pgo4JdC3,2018-05-02T05:46:40Z,4.604820870935386,22.228505126286016
Xo9OHkna,2018-05-02T05:46:40Z,2.5542301783006236,16.05545323930103
QCAWSGcv,2018-05-02T05:46:37Z,0.7140084531414095,7.5271067285517494
O2Xbek8S,2018-05-02T05:46:39Z,6.1635240054731,38.36601913272514
teYzOfis,2018-05-02T05:46:39Z,4.17211778348489,21.460234897436838
hFHyLOIf,2018-05-02T05:46:40Z,5.096857423890938,22.32588457800599
Mf6t8Kbb,2018-05-02T05:46:40Z,2.07514149740137,12.733893692161635
ZkSfgoma,2018-05-02T05:46:40Z,2.0782635660537156,16.089412021489476
pQAbN0yr,2018-05-02T05:46:40Z,2.508572660014101,6.844944096678544
CEpgn6HD,2018-05-02T05:46:40Z,4.18770355061366,22.487733430673206
b9zQTGme,2018-05-02T05:46:39Z,2.7879845271922186,15.552955386754716
5GAVtAPB,2018-05-02T05:46:41Z,1.3938992235700178,4.641846709009472
6UBksHgu,2018-05-02T05:46:39Z,2.930965485589686,17.973647737573916
WR8bnnbQ,2018-05-02T05:46:40Z,4.6562465845611145,22.497563310790984
kOoNzANY,2018-05-02T05:46:40Z,5.593660228431013,31.055413597453697
UlWvVzg2,2018-05-02T05:46:41Z,3.886888454260874,18.458379064605758
uAK3zPVq,2018-05-02T05:46:40Z,1.1220826562545705,-3.3266110282947006
B9nHrlC6,2018-05-02T05:46:40Z,8.386163523116629,48.43592792984954
MKPqEr55,2018-05-02T05:46:40Z,7.256993814502843,42.37066727813375
a35m7Gcb,2018-05-02T05:46:39Z,4.772187247446071,24.63329872649337
oupUo1pi,2018-05-02T05:46:39Z,5.563874660499291,35.784933097690605
1wmVIcLH,2018-05-02T05:46:39Z,7.196043359526277,40.78330535694223
ViPwns42,2018-05-02T05:46:39Z,2.127725996376422,9.210612124039066
KYB3eAwI,2018-05-02T05:46:38Z,4.501559706488038,27.014360008252375
kQLnaALh,2018-05-02T05:46:40Z,6.501313273804064,32.36402858189478
l1q7S9od,2018-05-02T05:46:40Z,-0.18375956049441466,-10.370876232861118
OgwFf434,2018-05-02T05:46:41Z,5.800762210810184,34.65010610048991
eWyQnS3Y,2018-05-02T05:46:39Z,6.732473197907003,34.895171677544646
AROVwF1s,2018-05-02T07:26:40Z,4.95131463765691,29.220111947106005
rOsFInjF,2018-05-02T07:26:39Z,4.3742806268014265,16.790691247561252
Pgo4JdC3,2018-05-02T07:26:40Z,8.056367886762079,36.883703207675595
Xo9OHkna,2018-05-02T07:26:38Z,4.140870790240034,18.447526535925526
QCAWSGcv,2018-05-02T07:26:41Z,1.5393535311515132,1.2693855907874383
O2Xbek8S,2018-05-02T07:26:39Z,4.532551566624402,21.602325507563187
teYzOfis,2018-05-02T07:26:39Z,-0.5138333842691489,-5.291657441791068
hFHyLOIf,2018-05-02T07:26:39Z,5.220437237391986,26.32493963508337
Mf6t8Kbb,2018-05-02T07:26:39Z,3.256535001024437,16.481821670199242
ZkSfgoma,2018-05-02T07:26:40Z,4.211324558277573,25.69852529523098
pQAbN0yr,2018-05-02T07:26:39Z,1.920224274446504,7.153611432279586
CEpgn6HD,2018-05-02T07:26:41Z,7.330734001038952,39.27264982694601
b9zQTGme,2018-05-02T07:26:42Z,4.774637812721229,26.787341948890514
5GAVtAPB,2018-05-02T07:26:40Z,3.7715397604602385,20.39682483134797
6UBksHgu,2018-05-02T07:26:41Z,3.5524911056606623,14.825362929047369
WR8bnnbQ,2018-05-02T07:26:41Z,-0.9418053024696365,-1.755799922541117
kOoNzANY,2018-05-02T07:26:39Z,1.8025705916144488,3.098474802000448
UlWvVzg2,2018-05-02T07:26:40Z,3.7266397434204186,26.765517816123346
uAK3zPVq,2018-05-02T07:26:40Z,2.998843743330055,14.617842048531971
B9nHrlC6,2018-05-02T07:26:38Z,-1.155710470564932,-6.369209749950717
MKPqEr55,2018-05-02T07:26:39Z,4.65098020938072,30.4432391062685
a35m7Gcb,2018-05-02T07:26:40Z,4.238388094781607,21.77350243686295
oupUo1pi,2018-05-02T07:26:39Z,4.64022113081353,28.254821437891543
1wmVIcLH,2018-05-02T07:26:41Z,5.561740073459327,19.288040184751146
ViPwns42,2018-05-02T07:26:38Z,1.0926200796653314,6.233127045246187
KYB3eAwI,2018-05-02T07:26:39Z,4.804106348418912,23.48550297784055
kQLnaALh,2018-05-02T07:26:39Z,3.291656310560491,12.738380429508066
l1q7S9od,2018-05-02T07:26:40Z,3.2549567129760844,16.902457426644297
OgwFf434,2018-05-02T07:26:40Z,2.940605080956706,16.638057948170882
eWyQnS3Y,2018-05-02T07:26:39Z,3.9885248348347275,15.750375534813701
AROVwF1s,2018-05-02T23:06:40Z,4.911076564999196,24.559960352517095
rOsFInjF,2018-05-02T23:06:39Z,5.9179826572958225,22.786809563127026
Pgo4JdC3,2018-05-02T23:06:39Z,3.731721215365964,24.37471545439209
Xo9OHkna,2018-05-02T23:06:41Z,3.3021701324864394,10.550376156643217
QCAWSGcv,2018-05-02T23:06:40Z,1.5077281971972987,-1.11240095700927
O2Xbek8S,2018-05-02T23:06:38Z,3.7525259969702387,22.449132629619317
teYzOfis,2018-05-02T23:06:38Z,4.930334277277388,28.889681852083836
hFHyLOIf,2018-05-02T23:06:39Z,2.14318273330751,10.938235628019944
Mf6t8Kbb,2018-05-02T23:06:41Z,4.38356876202487,19.87269347562733
ZkSfgoma,2018-05-02T23:06:39Z,2.251503452854794,11.346825534515851
pQAbN0yr,2018-05-02T23:06:39Z,7.4166582981354665,33.955080405415664
CEpgn6HD,2018-05-02T23:06:40Z,6.360786466484514,31.212985928032424
b9zQTGme,2018-05-02T23:06:40Z,3.7840699139002356,21.173457608773713
5GAVtAPB,2018-05-02T23:06:39Z,8.605699979707207,40.680948542137934
6UBksHgu,2018-05-02T23:06:42Z,7.694528639143856,38.79407644391512
WR8bnnbQ,2018-05-02T23:06:39Z,5.414305137757444,21.120996948263652
kOoNzANY,2018-05-02T23:06:39Z,1.9267232250859916,9.094628986830164
UlWvVzg2,2018-05-02T23:06:39Z,4.640280959967907,21.095769969117754
uAK3zPVq,2018-05-02T23:06:39Z,5.06818766747566,20.594297523981375
B9nHrlC6,2018-05-02T23:06:39Z,6.813972821647038,31.84506511069221
MKPqEr55,2018-05-02T23:06:39Z,3.4257661482015482,17.07445308076606
a35m7Gcb,2018-05-02T23:06:40Z,-0.17872632834219981,-3.0864633141857327
oupUo1pi,2018-05-02T23:06:39Z,7.335489520628305,37.066927744732915
1wmVIcLH,2018-05-02T23:06:39Z,2.29534217087702,3.0709356028900707
ViPwns42,2018-05-02T23:06:38Z,3.8562127986751014,19.45205319025049
KYB3eAwI,2018-05-02T23:06:38Z,5.493795167589337,16.69244774808827
kQLnaALh,2018-05-02T23:06:39Z,3.962034476717758,24.3980902173476
l1q7S9od,2018-05-02T23:06:40Z,4.470634270453265,30.68918798585814
OgwFf434,2018-05-02T23:06:40Z,5.5415627284806614,27.555127628345286
eWyQnS3Y,2018-05-02T23:06:39Z,2.5997376849344773,12.576232550489443
AROVwF1s,2018-05-03T00:46:41Z,3.9623746702124705,21.773344168114672
rOsFInjF,2018-05-03T00:46:40Z,1.6690679516741609,5.992625083495636
Pgo4JdC3,2018-05-03T00:46:40Z,1.295223600609448,2.8282781605947047
Xo9OHkna,2018-05-03T00:46:38Z,0.13913356167728885,9.199827241558486
QCAWSGcv,2018-05-03T00:46:40Z,3.4205631786238286,19.89131532393885
O2Xbek8S,2018-05-03T00:46:40Z,2.397434417351567,3.48976586927437
teYzOfis,2018-05-03T00:46:40Z,6.8307928193027205,39.7862947439865
hFHyLOIf,2018-05-03T00:46:40Z,4.140873472428523,18.564141897634997
Mf6t8Kbb,2018-05-03T00:46:40Z,1.6444556485933854,11.10278940903789
ZkSfgoma,2018-05-03T00:46:41Z,7.0853409576873485,33.44710178322012
pQAbN0yr,2018-05-03T00:46:40Z,3.2837788154317353,20.257650388899805
CEpgn6HD,2018-05-03T00:46:40Z,3.927535208200554,21.67647536975378
b9zQTGme,2018-05-03T00:46:39Z,4.295772458035707,28.235884452253913
5GAVtAPB,2018-05-03T00:46:39Z,5.108983028614294,22.35563579202413
6UBksHgu,2018-05-03T00:46:40Z,5.128489573844165,21.190843525434325
WR8bnnbQ,2018-05-03T00:46:38Z,2.497563131988059,11.114740506726573
kOoNzANY,2018-05-03T00:46:39Z,5.2731166845625514,27.53565260843631
UlWvVzg2,2018-05-03T00:46:39Z,1.6639965965751924,9.923724725332097
uAK3zPVq,2018-05-03T00:46:40Z,2.435555888597973,5.215991888140779
B9nHrlC6,2018-05-03T00:46:39Z,5.34632653528762,25.520310879133113
MKPqEr55,2018-05-03T00:46:39Z,-0.46680458180679807,-6.680329006277671
a35m7Gcb,2018-05-03T00:46:38Z,5.935262553822873,27.237710114697993
oupUo1pi,2018-05-03T00:46:39Z,5.157593134004733,28.470540956770492
1wmVIcLH,2018-05-03T00:46:40Z,4.168862949263245,12.294294269369164
ViPwns42,2018-05-03T00:46:39Z,1.469436024981933,8.273822995283615
KYB3eAwI,2018-05-03T00:46:38Z,4.420248627677506,15.1334095635478
kQLnaALh,2018-05-03T00:46:38Z,2.1730257079335122,9.424624441208564
l1q7S9od,2018-05-03T00:46:40Z,1.6052820031818764,12.789994582136362
OgwFf434,2018-05-03T00:46:41Z,4.572704135543036,20.349439809940318
eWyQnS3Y,2018-05-03T00:46:40Z,3.4443685539849334,10.282636729190752
AROVwF1s,2018-05-03T02:26:40Z,4.455436981918128,17.017114963848414
rOsFInjF,2018-05-03T02:26:40Z,5.377764299981284,32.878235403483075
Pgo4JdC3,2018-05-03T02:26:40Z,2.9699770673458046,17.583135816448475
Xo9OHkna,2018-05-03T02:26:40Z,6.188161006607425,32.25800021733359
QCAWSGcv,2018-05-03T02:26:38Z,5.5513063827444205,27.376021697382473
O2Xbek8S,2018-05-03T02:26:39Z,2.4701120116874433,14.937026431580799
teYzOfis,2018-05-03T02:26:38Z,7.100068894187714,41.74259215098709
hFHyLOIf,2018-05-03T02:26:38Z,4.596493895952076,25.267683389227017
Mf6t8Kbb,2018-05-03T02:26:41Z,3.6583200045536723,22.99479931419819
ZkSfgoma,2018-05-03T02:26:40Z,3.3295889087976067,24.647856123297103
pQAbN0yr,2018-05-03T02:26:39Z,3.1393673484958358,17.951223262640646
CEpgn6HD,2018-05-03T02:26:37Z,3.43385301898945,17.257613258901426
b9zQTGme,2018-05-03T02:26:41Z,1.8999889882564172,11.246352611441715
5GAVtAPB,2018-05-03T02:26:39Z,4.309468706977981,17.91864210854228
6UBksHgu,2018-05-03T02:26:40Z,3.393458487224107,27.291238143076175
WR8bnnbQ,2018-05-03T02:26:39Z,3.71068760726674,17.32363184068584
kOoNzANY,2018-05-03T02:26:39Z,7.637816842703067,42.1100136850222
UlWvVzg2,2018-05-03T02:26:41Z,3.513121768444379,13.337657766992182
uAK3zPVq,2018-05-03T02:26:39Z,4.69460531711315,20.259359698366332
B9nHrlC6,2018-05-03T02:26:39Z,2.2880938907890465,9.545513927151745
MKPqEr55,2018-05-03T02:26:39Z,0.787066842216313,0.050629108546754065
a35m7Gcb,2018-05-03T02:26:38Z,2.475762992977585,9.922326582113488
oupUo1pi,2018-05-03T02:26:41Z,1.3668474039441736,3.6736629775019454
1wmVIcLH,2018-05-03T02:26:39Z,3.845524377055436,17.80931909131843
ViPwns42,2018-05-03T02:26:39Z,3.27816487194654,10.746717057169256
KYB3eAwI,2018-05-03T02:26:38Z,3.7105205319808423,15.827457934218133
kQLnaALh,2018-05-03T02:26:39Z,7.135590602144978,41.425610648129435
l1q7S9od,2018-05-03T02:26:41Z,6.551594531019683,36.46823526349502
OgwFf434,2018-05-03T02:26:40Z,1.5895281379671027,6.284580987634186
eWyQnS3Y,2018-05-03T02:26:38Z,5.360033248430762,21.636518507821016
AROVwF1s,2018-05-03T04:06:40Z,2.535726686018014,13.16439793079504
rOsFInjF,2018-05-03T04:06:42Z,2.726958092263179,7.587775922118107
Pgo4JdC3,2018-05-03T04:06:41Z,5.2754601855985985,22.416338812281758
Xo9OHkna,2018-05-03T04:06:40Z,-1.0025181602667592,0.6739584575997988
QCAWSGcv,2018-05-03T04:06:40Z,3.0974208228346596,15.135988167708602
O2Xbek8S,2018-05-03T04:06:41Z,5.409712529863776,33.83321423662438
teYzOfis,2018-05-03T04:06:38Z,3.923747969479592,18.229409035259998
hFHyLOIf,2018-05-03T04:06:39Z,3.509607500403103,20.336940443034482
Mf6t8Kbb,2018-05-03T04:06:39Z,4.279299590232396,20.769269142837135
ZkSfgoma,2018-05-03T04:06:40Z,2.8996064005666375,15.230095892736358
pQAbN0yr,2018-05-03T04:06:38Z,5.309031828506596,30.375966430353245
CEpgn6HD,2018-05-03T04:06:41Z,3.227200330894012,12.409495353843752
b9zQTGme,2018-05-03T04:06:40Z,4.557582388292168,28.85131159094729
5GAVtAPB,2018-05-03T04:06:40Z,4.023041737747644,16.99881400449425
6UBksHgu,2018-05-03T04:06:40Z,7.252627444757685,34.85929468167104
WR8bnnbQ,2018-05-03T04:06:39Z,3.8832797237616186,12.048967265773681
kOoNzANY,2018-05-03T04:06:39Z,7.553134024948532,42.80978102330583
UlWvVzg2,2018-05-03T04:06:40Z,1.6286180713242402,4.073255580266721
uAK3zPVq,2018-05-03T04:06:40Z,4.77057841340529,21.854695549416228
B9nHrlC6,2018-05-03T04:06:39Z,4.032126076055594,21.732939710464382
MKPqEr55,2018-05-03T04:06:40Z,1.2351101275511143,6.417120518764048
a35m7Gcb,2018-05-03T04:06:39Z,4.002229725973152,22.644365749124177
oupUo1pi,2018-05-03T04:06:39Z,3.3396814637177314,16.339666571671756
1wmVIcLH,2018-05-03T04:06:38Z,4.215270918577373,20.15423613505964
ViPwns42,2018-05-03T04:06:42Z,2.401715744031116,10.58640902301672
KYB3eAwI,2018-05-03T04:06:40Z,5.283500793978392,23.650381333811268
kQLnaALh,2018-05-03T04:06:38Z,-2.800053933232183,-15.668582473462292
l1q7S9od,2018-05-03T04:06:39Z,7.4542164413479615,42.690259679155105
OgwFf434,2018-05-03T04:06:40Z,4.64491582178441,23.8470108530593
eWyQnS3Y,2018-05-03T04:06:38Z,1.414659997758731,2.725992298554718
AROVwF1s,2018-05-03T05:46:40Z,7.492354179018983,47.11529660627318
rOsFInjF,2018-05-03T05:46:39Z,4.471056328311782,15.284122530499957
Pgo4JdC3,2018-05-03T05:46:41Z,1.1683126369594556,6.130410100926647
Xo9OHkna,2018-05-03T05:46:38Z,6.476837001693868,28.170663550355144
QCAWSGcv,2018-05-03T05:46:37Z,6.354676095795343,30.350181436239218
O2Xbek8S,2018-05-03T05:46:39Z,9.690751833380041,58.02364154748068
teYzOfis,2018-05-03T05:46:38Z,-0.06943728461471821,-2.3166283226851667
hFHyLOIf,2018-05-03T05:46:39Z,5.786392849258151,29.955338708136214
Mf6t8Kbb,2018-05-03T05:46:40Z,4.235656982055395,21.940579017959582
ZkSfgoma,2018-05-03T05:46:39Z,1.7655779794195823,13.704563485694031
pQAbN0yr,2018-05-03T05:46:39Z,2.8265088616141982,12.422486348895644
CEpgn6HD,2018-05-03T05:46:39Z,5.63828204626694,28.276361426187883
b9zQTGme,2018-05-03T05:46:37Z,3.4498396498889345,19.300159843107195
5GAVtAPB,2018-05-03T05:46:38Z,6.078154871399066,32.69077753598374
6UBksHgu,2018-05-03T05:46:37Z,3.187929792890444,9.057785480873495
WR8bnnbQ,2018-05-03T05:46:40Z,6.201971268304046,20.910105110609408
kOoNzANY,2018-05-03T05:46:38Z,4.402489107808555,17.168092289860514
UlWvVzg2,2018-05-03T05:46:41Z,5.068816619492521,27.928422214731082
uAK3zPVq,2018-05-03T05:46:41Z,6.348628799162609,28.547497846804845
B9nHrlC6,2018-05-03T05:46:40Z,5.314226371523358,29.303636976453255
MKPqEr55,2018-05-03T05:46:40Z,4.186071044680495,25.212708623776265
a35m7Gcb,2018-05-03T05:46:39Z,0.38546537631583,2.603389894934705
oupUo1pi,2018-05-03T05:46:40Z,2.7135132709051053,8.310957016150251
1wmVIcLH,2018-05-03T05:46:38Z,6.538488821065609,37.440738874711165
ViPwns42,2018-05-03T05:46:38Z,3.7132995347536237,20.635597117743224
KYB3eAwI,2018-05-03T05:46:39Z,7.379719866777618,33.921828330977206
kQLnaALh,2018-05-03T05:46:40Z,3.697990435202011,18.83817271443106
l1q7S9od,2018-05-03T05:46:41Z,3.3665888431198967,17.494051342218015
OgwFf434,2018-05-03T05:46:38Z,5.750256934534973,30.09001647549447
eWyQnS3Y,2018-05-03T05:46:40Z,1.399595412224814,7.02215934730463
AROVwF1s,2018-05-03T07:26:39Z,4.95492955732594,27.680976631110294
rOsFInjF,2018-05-03T07:26:39Z,2.7009831302247576,14.956877741237275
Pgo4JdC3,2018-05-03T07:26:39Z,4.026295620318079,19.253026086559178
Xo9OHkna,2018-05-03T07:26:39Z,2.3265648999847373,13.3306334091459
QCAWSGcv,2018-05-03T07:26:40Z,0.11384937573083409,1.6285020618738317
O2Xbek8S,2018-05-03T07:26:40Z,1.524016259345494,2.729874309124871
teYzOfis,2018-05-03T07:26:40Z,3.137505119338492,19.42091510268079
hFHyLOIf,2018-05-03T07:26:40Z,-0.5051648321585676,-8.954639992783127
Mf6t8Kbb,2018-05-03T07:26:39Z,7.942174159348401,40.28374659282913
ZkSfgoma,2018-05-03T07:26:40Z,4.682499634728543,21.0207440525296
pQAbN0yr,2018-05-03T07:26:39Z,7.587652095031301,43.84756492564807
CEpgn6HD,2018-05-03T07:26:40Z,6.152533007801765,39.20491694952741
b9zQTGme,2018-05-03T07:26:38Z,2.0295397136073436,4.973731160128229
5GAVtAPB,2018-05-03T07:26:40Z,3.7788151240746704,21.8276117593965
6UBksHgu,2018-05-03T07:26:40Z,5.191102726691519,26.856623392533596
WR8bnnbQ,2018-05-03T07:26:40Z,4.186284383668795,18.04289970729959
kOoNzANY,2018-05-03T07:26:41Z,6.428115347068035,33.78927296898054
UlWvVzg2,2018-05-03T07:26:40Z,2.6147616664291298,3.1754853493619812
uAK3zPVq,2018-05-03T07:26:40Z,1.7882406683041578,0.9981701274427972
B9nHrlC6,2018-05-03T07:26:39Z,4.770371826800858,24.88159899490238
MKPqEr55,2018-05-03T07:26:39Z,5.519639632153721,30.827154661449683
a35m7Gcb,2018-05-03T07:26:39Z,3.2677197070588724,16.712531992130167
oupUo1pi,2018-05-03T07:26:40Z,6.422068930602541,28.315609049571126
1wmVIcLH,2018-05-03T07:26:40Z,3.754194153518484,15.851647478972332
ViPwns42,2018-05-03T07:26:39Z,6.344540504289865,31.15504051209873
KYB3eAwI,2018-05-03T07:26:40Z,6.321457865393093,26.256468859374703
kQLnaALh,2018-05-03T07:26:37Z,4.242303489196251,20.938210320513903
l1q7S9od,2018-05-03T07:26:40Z,4.841749781428464,34.56242813739834
OgwFf434,2018-05-03T07:26:39Z,3.9761462287461966,20.951766858640063
eWyQnS3Y,2018-05-03T07:26:40Z,3.6808130615945025,9.417888866140824
AROVwF1s,2018-05-03T23:06:38Z,2.7365806211394066,24.728503555404416
rOsFInjF,2018-05-03T23:06:40Z,2.500404609928977,9.59196201493363
Pgo4JdC3,2018-05-03T23:06:41Z,6.425303487786369,32.54148476095058
Xo9OHkna,2018-05-03T23:06:39Z,5.881057342309906,35.36504169586503
QCAWSGcv,2018-05-03T23:06:41Z,3.7785304931228825,19.691931968055354
O2Xbek8S,2018-05-03T23:06:38Z,5.467251193850451,36.23678739803256
teYzOfis,2018-05-03T23:06:39Z,3.4270437920613204,14.47664659780029
hFHyLOIf,2018-05-03T23:06:41Z,-1.0026215792143063,-8.477196983793508
Mf6t8Kbb,2018-05-03T23:06:40Z,2.436308948932226,14.370482476316948
ZkSfgoma,2018-05-03T23:06:39Z,3.84953490648146,16.756952684372518
pQAbN0yr,2018-05-03T23:06:39Z,5.087203010549492,23.28394102014233
CEpgn6HD,2018-05-03T23:06:40Z,3.157155994224844,17.553523514966205
b9zQTGme,2018-05-03T23:06:39Z,5.492180338532266,30.218748804975217
5GAVtAPB,2018-05-03T23:06:40Z,2.761704442986152,4.996209305021634
6UBksHgu,2018-05-03T23:06:40Z,1.8007452970607396,2.9557432445504372
WR8bnnbQ,2018-05-03T23:06:40Z,8.606145191212496,40.27566896693407
kOoNzANY,2018-05-03T23:06:39Z,2.8367044080773485,16.88453626590718
UlWvVzg2,2018-05-03T23:06:40Z,0.8838833587658468,1.3695319107859796
uAK3zPVq,2018-05-03T23:06:40Z,4.159802852853915,20.68138101029629
B9nHrlC6,2018-05-03T23:06:41Z,4.695166416189593,29.58422621792415
MKPqEr55,2018-05-03T23:06:41Z,3.936643840028366,20.12883573717101
a35m7Gcb,2018-05-03T23:06:38Z,5.317646765368218,25.00383694639286
oupUo1pi,2018-05-03T23:06:39Z,2.3131506021874175,9.518894488604001
1wmVIcLH,2018-05-03T23:06:38Z,3.815862669769381,16.158323642599413
ViPwns42,2018-05-03T23:06:37Z,5.250050554010182,25.458052000910058
KYB3eAwI,2018-05-03T23:06:41Z,4.418831412475887,25.821318469488503
kQLnaALh,2018-05-03T23:06:41Z,3.1028257368927843,14.034821164969767
l1q7S9od,2018-05-03T23:06:40Z,1.34238430480594,4.592075998177636
OgwFf434,2018-05-03T23:06:39Z,4.383330171407671,24.467031605840507
eWyQnS3Y,2018-05-03T23:06:41Z,4.192438481913142,16.698665708127812
AROVwF1s,2018-05-04T00:46:38Z,4.5019514590138625,26.374433596790535
rOsFInjF,2018-05-04T00:46:41Z,4.465559848261269,19.147154308967337
Pgo4JdC3,2018-05-04T00:46:41Z,0.34735914316988836,-1.9567324996225095
Xo9OHkna,2018-05-04T00:46:39Z,1.3519584775768339,8.491632895184086
QCAWSGcv,2018-05-04T00:46:40Z,2.051583169608235,10.743042219827025
O2Xbek8S,2018-05-04T00:46:40Z,1.6474961933462007,6.33521409685968
teYzOfis,2018-05-04T00:46:40Z,3.9478283563263012,21.49198646015426
hFHyLOIf,2018-05-04T00:46:40Z,2.8803395584365843,11.38232893784017
Mf6t8Kbb,2018-05-04T00:46:39Z,2.7425358214594207,15.750128891888492
ZkSfgoma,2018-05-04T00:46:38Z,6.899406735115251,39.23805750078347
pQAbN0yr,2018-05-04T00:46:38Z,3.3979757218717306,20.395114795462657
CEpgn6HD,2018-05-04T00:46:41Z,3.839738426007157,21.254938773852743
b9zQTGme,2018-05-04T00:46:40Z,5.327531422784704,26.090814886617732
5GAVtAPB,2018-05-04T00:46:38Z,2.7299588419127288,11.09167479289941
6UBksHgu,2018-05-04T00:46:40Z,2.8753773145184756,7.767554199011373
WR8bnnbQ,2018-05-04T00:46:40Z,4.724514540938903,13.72445584920321
kOoNzANY,2018-05-04T00:46:40Z,2.225556719848207,10.232528189848018
UlWvVzg2,2018-05-04T00:46:40Z,1.5049912245622754,-2.4597583582047555
uAK3zPVq,2018-05-04T00:46:39Z,3.9023386955240826,18.539150986874215
B9nHrlC6,2018-05-04T00:46:39Z,1.4770961600531756,2.869397971747554
MKPqEr55,2018-05-04T00:46:37Z,4.060782894318148,26.547135293339878
a35m7Gcb,2018-05-04T00:46:40Z,3.203175170349879,15.886402862125163
oupUo1pi,2018-05-04T00:46:41Z,2.5733503734117855,13.27108269564039
1wmVIcLH,2018-05-04T00:46:38Z,1.5715198326311408,9.3817685407916
ViPwns42,2018-05-04T00:46:37Z,5.865200637165367,28.670658022713535
KYB3eAwI,2018-05-04T00:46:39Z,7.595945543906126,36.83655760365741
kQLnaALh,2018-05-04T00:46:40Z,9.087979501596237,45.42010720418542
l1q7S9od,2018-05-04T00:46:40Z,5.3300467033137675,25.698883140018076
OgwFf434,2018-05-04T00:46:39Z,3.1781562174661073,19.497288533299443
eWyQnS3Y,2018-05-04T00:46:38Z,1.04409878285969,6.361047768562669
AROVwF1s,2018-05-04T02:26:38Z,4.623709760040937,30.27905176690559
rOsFInjF,2018-05-04T02:26:40Z,2.816942968792045,7.652293328143253
Pgo4JdC3,2018-05-04T02:26:40Z,4.9508081127863655,28.244254562644485
Xo9OHkna,2018-05-04T02:26:41Z,-0.08996447392428664,-2.285020985401005
QCAWSGcv,2018-05-04T02:26:39Z,3.3733691477095267,21.22078215044079
O2Xbek8S,2018-05-04T02:26:40Z,7.89102500430522,46.71248239236684
teYzOfis,2018-05-04T02:26:39Z,1.6477788065760635,7.301412440585214
hFHyLOIf,2018-05-04T02:26:39Z,1.5718840543114747,7.657038668142017
Mf6t8Kbb,2018-05-04T02:26:39Z,1.401458553608614,-0.8357771761184996
ZkSfgoma,2018-05-04T02:26:40Z,1.128708189656006,2.3225911070972245
pQAbN0yr,2018-05-04T02:26:38Z,5.224762569276175,27.333197014579618
CEpgn6HD,2018-05-04T02:26:39Z,4.321762290092627,22.32252774328808
b9zQTGme,2018-05-04T02:26:38Z,6.848761831837967,40.669386682970234
5GAVtAPB,2018-05-04T02:26:39Z,2.08748125746005,8.922396950212239
6UBksHgu,2018-05-04T02:26:40Z,1.164580394316653,8.18340638377034
WR8bnnbQ,2018-05-04T02:26:39Z,4.645566129258842,20.51250529753583
kOoNzANY,2018-05-04T02:26:40Z,3.6174818594775036,20.59694070660656
UlWvVzg2,2018-05-04T02:26:38Z,8.110334341357113,41.8807772751785
uAK3zPVq,2018-05-04T02:26:40Z,1.4235431431522034,-0.4108822290578509
B9nHrlC6,2018-05-04T02:26:40Z,1.9857438639303857,15.93720995956803
MKPqEr55,2018-05-04T02:26:40Z,6.389636311462888,35.335057660479045
a35m7Gcb,2018-05-04T02:26:39Z,4.629537273760128,19.985070162679108
oupUo1pi,2018-05-04T02:26:38Z,1.2307599346023692,6.504131242143459
1wmVIcLH,2018-05-04T02:26:39Z,4.751059526497897,20.466827026911712
ViPwns42,2018-05-04T02:26:41Z,3.5753520283289597,18.31407321426057
KYB3eAwI,2018-05-04T02:26:38Z,0.13560894142511737,-2.0241169686076192
kQLnaALh,2018-05-04T02:26:40Z,3.6185772730390937,15.131242076447784
l1q7S9od,2018-05-04T02:26:40Z,2.971173354898079,17.4492129302784
OgwFf434,2018-05-04T02:26:39Z,3.423968826456348,18.970828331925507
eWyQnS3Y,2018-05-04T02:26:40Z,4.683569824217503,27.043769087012095
AROVwF1s,2018-05-04T04:06:40Z,1.5302990852513263,8.840321121486552
rOsFInjF,2018-05-04T04:06:40Z,4.1585669228853535,15.92434816949765
Pgo4JdC3,2018-05-04T04:06:40Z,3.8970083434350613,14.56686546784807
Xo9OHkna,2018-05-04T04:06:39Z,2.7217512652247837,15.405427153300812
QCAWSGcv,2018-05-04T04:06:39Z,8.136085605967583,43.43348671694484
O2Xbek8S,2018-05-04T04:06:39Z,3.84972978288648,20.367830502273808
teYzOfis,2018-05-04T04:06:39Z,0.527792885612504,-2.8283693815346362
hFHyLOIf,2018-05-04T04:06:40Z,6.253985175129017,27.76096201932263
Mf6t8Kbb,2018-05-04T04:06:41Z,4.646239077736685,26.590000203454093
ZkSfgoma,2018-05-04T04:06:41Z,5.860083239270898,33.58252317868172
pQAbN0yr,2018-05-04T04:06:38Z,1.1739532922101685,6.796609517128644
CEpgn6HD,2018-05-04T04:06:40Z,6.378442955879318,33.62882301433656
b9zQTGme,2018-05-04T04:06:40Z,4.599375084010655,26.812057003106947
5GAVtAPB,2018-05-04T04:06:38Z,5.604531666212861,27.25714987319875
6UBksHgu,2018-05-04T04:06:40Z,-1.251068021428872,-6.861678549316913
WR8bnnbQ,2018-05-04T04:06:40Z,1.5010002404585823,5.414935487397444
kOoNzANY,2018-05-04T04:06:40Z,6.013605894645559,28.19123266369834
UlWvVzg2,2018-05-04T04:06:40Z,1.0341866037877674,0.8092861781910612
uAK3zPVq,2018-05-04T04:06:39Z,3.5559943620819254,14.173883896910333
B9nHrlC6,2018-05-04T04:06:40Z,2.742503414332332,6.774819926816745
MKPqEr55,2018-05-04T04:06:39Z,1.9751163140454975,9.213018302224853
a35m7Gcb,2018-05-04T04:06:41Z,0.6751023994684169,-1.00969630617067
oupUo1pi,2018-05-04T04:06:39Z,3.044603036329286,19.192719494281413
1wmVIcLH,2018-05-04T04:06:39Z,6.856487791361877,28.246638268933502
ViPwns42,2018-05-04T04:06:39Z,3.940078181124495,21.72681998395272
KYB3eAwI,2018-05-04T04:06:41Z,7.785749717089285,37.730205735880745
kQLnaALh,2018-05-04T04:06:39Z,6.601436631735522,37.36995884210885
l1q7S9od,2018-05-04T04:06:40Z,5.964359562207456,30.60146502388745
OgwFf434,2018-05-04T04:06:40Z,5.651243654007343,30.45787102217361
eWyQnS3Y,2018-05-04T04:06:39Z,4.485976048543111,16.47594840505327
AROVwF1s,2018-05-04T05:46:40Z,2.08700338228045,13.17722999901217
rOsFInjF,2018-05-04T05:46:41Z,3.0977478843882245,16.12814237629948
Pgo4JdC3,2018-05-04T05:46:38Z,2.5542867313399884,12.852678562060529
Xo9OHkna,2018-05-04T05:46:40Z,4.419229568515382,19.404642523231377
QCAWSGcv,2018-05-04T05:46:40Z,5.673035582323238,30.887032393650877
O2Xbek8S,2018-05-04T05:46:40Z,4.21945128149103,24.821524706166528
teYzOfis,2018-05-04T05:46:39Z,3.6382350857890216,19.70091489584875
hFHyLOIf,2018-05-04T05:46:39Z,2.1395051565384358,8.839308542094258
Mf6t8Kbb,2018-05-04T05:46:40Z,5.372039518268174,27.212328729056193
ZkSfgoma,2018-05-04T05:46:41Z,3.20620038594727,18.233899908273816
pQAbN0yr,2018-05-04T05:46:40Z,5.3952939222612155,26.064329841422595
CEpgn6HD,2018-05-04T05:46:40Z,2.177264048615395,7.378624678644193
b9zQTGme,2018-05-04T05:46:40Z,3.5367495032369463,15.41178977899117
5GAVtAPB,2018-05-04T05:46:42Z,7.963943572322947,41.08396035461247
6UBksHgu,2018-05-04T05:46:39Z,2.7039179408586635,11.874436842870583
WR8bnnbQ,2018-05-04T05:46:39Z,3.660694757019833,18.02396314010287
kOoNzANY,2018-05-04T05:46:39Z,4.493197709198564,21.52175486061669
UlWvVzg2,2018-05-04T05:46:40Z,8.26563563068192,37.229629986702506
uAK3zPVq,2018-05-04T05:46:40Z,3.8165105747915216,14.067866965672895
B9nHrlC6,2018-05-04T05:46:38Z,4.649004362825023,26.3242069821669
MKPqEr55,2018-05-04T05:46:41Z,4.6248861355130515,25.21357425844992
a35m7Gcb,2018-05-04T05:46:38Z,4.750694473256386,25.62435731877256
oupUo1pi,2018-05-04T05:46:39Z,4.748065520300031,21.890060905816423
1wmVIcLH,2018-05-04T05:46:39Z,3.070496186035697,11.177966037599873
ViPwns42,2018-05-04T05:46:38Z,7.242786396232198,39.92668615509581
KYB3eAwI,2018-05-04T05:46:38Z,3.2732344413509784,13.374140093590011
kQLnaALh,2018-05-04T05:46:38Z,6.73170146337495,33.19793034902652
l1q7S9od,2018-05-04T05:46:37Z,2.017807791757386,12.494355566517322
OgwFf434,2018-05-04T05:46:40Z,2.5322188779424213,16.826809847697987
eWyQnS3Y,2018-05-04T05:46:40Z,-1.5762426588073621,-10.27216957106919
AROVwF1s,2018-05-04T07:26:39Z,2.6809065510551022,22.084912728850544
rOsFInjF,2018-05-04T07:26:41Z,1.1456340714554964,-0.18429730749587225
Pgo4JdC3,2018-05-04T07:26:41Z,4.262679803988842,24.782504226127173
Xo9OHkna,2018-05-04T07:26:38Z,1.0210202276348865,2.1632077736776774
QCAWSGcv,2018-05-04T07:26:39Z,5.551551061642419,31.02337295479219
O2Xbek8S,2018-05-04T07:26:39Z,4.1325842048619865,32.443669150021115
teYzOfis,2018-05-04T07:26:39Z,4.908079584802974,16.060233137904277
hFHyLOIf,2018-05-04T07:26:40Z,6.062791320863382,33.39667270650247
Mf6t8Kbb,2018-05-04T07:26:39Z,1.9894260519281968,12.833595373902728
ZkSfgoma,2018-05-04T07:26:40Z,7.0469965224177,40.270503225997636
pQAbN0yr,2018-05-04T07:26:39Z,2.1418590673858917,5.452287565493059
CEpgn6HD,2018-05-04T07:26:40Z,-0.4411604473299793,-9.043599482604641
b9zQTGme,2018-05-04T07:26:39Z,3.0656961632398696,13.350595655631722
5GAVtAPB,2018-05-04T07:26:38Z,4.4069916687715756,27.5380567298864
6UBksHgu,2018-05-04T07:26:40Z,3.864863147915086,13.845736262123326
WR8bnnbQ,2018-05-04T07:26:40Z,2.2754045401630076,6.183532391768463
kOoNzANY,2018-05-04T07:26:39Z,-0.31700796073019166,-10.197769200566267
UlWvVzg2,2018-05-04T07:26:38Z,-0.8576048407116401,-5.567095780965258
uAK3zPVq,2018-05-04T07:26:39Z,2.5286488665048577,17.07706229758238
B9nHrlC6,2018-05-04T07:26:39Z,4.077805889712522,26.991771430231168
MKPqEr55,2018-05-04T07:26:39Z,7.787284926511098,39.785046141932604
a35m7Gcb,2018-05-04T07:26:39Z,5.004237600570202,24.14587111319893
oupUo1pi,2018-05-04T07:26:40Z,3.453791378794053,15.185645726390183
1wmVIcLH,2018-05-04T07:26:39Z,6.773977350921314,26.39974087273221
ViPwns42,2018-05-04T07:26:40Z,2.4444447158910467,15.172144224187836
KYB3eAwI,2018-05-04T07:26:41Z,4.951392892016249,20.697001589556052
kQLnaALh,2018-05-04T07:26:38Z,3.702898304800958,19.540227809900305
l1q7S9od,2018-05-04T07:26:39Z,3.682968589590767,23.57945094881416
OgwFf434,2018-05-04T07:26:38Z,0.41557824568751967,3.4831317268979873
eWyQnS3Y,2018-05-04T07:26:40Z,-0.07309766385833161,-5.9132692065191454
AROVwF1s,2018-05-04T23:06:39Z,8.211736893584025,43.846738850335456
rOsFInjF,2018-05-04T23:06:38Z,1.3092852698675346,-0.9842354268723947
Pgo4JdC3,2018-05-04T23:06:39Z,2.086672147439104,11.58662204514666
Xo9OHkna,2018-05-04T23:06:40Z,3.42592559962587,17.09966497909247
QCAWSGcv,2018-05-04T23:06:39Z,10.577695333321975,61.841978247433225
O2Xbek8S,2018-05-04T23:06:39Z,3.7144450219190666,20.149006481996814
teYzOfis,2018-05-04T23:06:39Z,3.7911299563225613,11.521656837835732
hFHyLOIf,2018-05-04T23:06:39Z,3.181925272828761,18.356860035658453
Mf6t8Kbb,2018-05-04T23:06:40Z,3.1702122961948858,24.22147468983115
ZkSfgoma,2018-05-04T23:06:39Z,4.5836267073592865,21.68119561779717
pQAbN0yr,2018-05-04T23:06:41Z,5.688146265624457,27.293270418455
CEpgn6HD,2018-05-04T23:06:40Z,4.6375569462098785,28.05693757018977
b9zQTGme,2018-05-04T23:06:40Z,-1.3100880062879545,-9.363362350915112
5GAVtAPB,2018-05-04T23:06:39Z,-0.28312373561661897,-10.687535038343146
6UBksHgu,2018-05-04T23:06:39Z,2.0137402772248154,6.944897913748321
WR8bnnbQ,2018-05-04T23:06:39Z,4.954222170418809,25.360662552007092
kOoNzANY,2018-05-04T23:06:40Z,5.065346330430989,32.82145122803438
UlWvVzg2,2018-05-04T23:06:40Z,2.358900037119681,14.688324018103238
uAK3zPVq,2018-05-04T23:06:40Z,5.294510808637017,17.208578563760838
B9nHrlC6,2018-05-04T23:06:39Z,4.211436454900733,21.045390402358983
MKPqEr55,2018-05-04T23:06:39Z,4.58920312143533,19.88431094062618
a35m7Gcb,2018-05-04T23:06:39Z,8.289828571186689,42.5040424868007
oupUo1pi,2018-05-04T23:06:40Z,6.654199087347417,35.975840996596375
1wmVIcLH,2018-05-04T23:06:40Z,4.823414277654683,29.856057992862397
ViPwns42,2018-05-04T23:06:42Z,-0.4528516965996987,-13.385169663236177
KYB3eAwI,2018-05-04T23:06:41Z,3.1254959987953894,5.6268669306399515
kQLnaALh,2018-05-04T23:06:41Z,4.7417879648731125,30.012847330124377
l1q7S9od,2018-05-04T23:06:40Z,5.204343581150096,25.634683758218667
OgwFf434,2018-05-04T23:06:39Z,6.1652801423722785,36.984820150777075
eWyQnS3Y,2018-05-04T23:06:39Z,2.4807741586164997,3.1444609219099044
AROVwF1s,2018-05-05T00:46:40Z,1.0867165217576957,5.2676491164165915
rOsFInjF,2018-05-05T00:46:39Z,0.13819173908683569,-6.319933793577282
Pgo4JdC3,2018-05-05T00:46:39Z,2.1288436872012255,12.316817657686206
Xo9OHkna,2018-05-05T00:46:40Z,1.5803759990855748,10.984169721650753
QCAWSGcv,2018-05-05T00:46:38Z,3.403414888604681,15.537639501043698
O2Xbek8S,2018-05-05T00:46:39Z,4.008901891622204,21.051538301229485
teYzOfis,2018-05-05T00:46:41Z,1.1635264716824993,1.8675364382265771
hFHyLOIf,2018-05-05T00:46:42Z,4.733304833084625,25.720003620628333
Mf6t8Kbb,2018-05-05T00:46:40Z,3.8965318761856476,19.316411199642257
ZkSfgoma,2018-05-05T00:46:40Z,5.467939559801347,27.71052657661572
pQAbN0yr,2018-05-05T00:46:40Z,3.8074733394695195,12.468969438067596
CEpgn6HD,2018-05-05T00:46:41Z,3.395039564644648,13.069611388588443
b9zQTGme,2018-05-05T00:46:40Z,3.60574722493259,18.903045814420377
5GAVtAPB,2018-05-05T00:46:39Z,4.667886045009924,18.979898863583916
6UBksHgu,2018-05-05T00:46:40Z,7.156321198477553,35.795567054737205
WR8bnnbQ,2018-05-05T00:46:41Z,3.951446380583276,16.217799727027316
kOoNzANY,2018-05-05T00:46:39Z,2.914109483906799,15.035625940494228
UlWvVzg2,2018-05-05T00:46:39Z,6.091335448325479,34.423861313064144
uAK3zPVq,2018-05-05T00:46:40Z,1.8381511641683854,3.555030536698069
B9nHrlC6,2018-05-05T00:46:40Z,2.611741133032087,12.446129046643572
MKPqEr55,2018-05-05T00:46:39Z,0.8887300004759351,3.093629240070625
a35m7Gcb,2018-05-05T00:46:40Z,5.83051691495144,23.72235677717238
oupUo1pi,2018-05-05T00:46:40Z,4.125595846521122,22.049806604916252
1wmVIcLH,2018-05-05T00:46:39Z,4.011594032340894,16.89855653887177
ViPwns42,2018-05-05T00:46:38Z,3.8186566988136157,17.843077602458173
KYB3eAwI,2018-05-05T00:46:39Z,5.759941911443112,25.05556175695956
kQLnaALh,2018-05-05T00:46:40Z,5.3513367524093995,23.446009858171603
l1q7S9od,2018-05-05T00:46:40Z,0.8863983675426845,3.981420181303066
OgwFf434,2018-05-05T00:46:40Z,5.998979274409787,29.70156733780926
eWyQnS3Y,2018-05-05T00:46:41Z,2.9526050063187848,19.03514558003061
AROVwF1s,2018-05-05T02:26:40Z,4.1897568697159135,28.60068332208969
rOsFInjF,2018-05-05T02:26:39Z,5.417429022750355,27.39022252719642
Pgo4JdC3,2018-05-05T02:26:38Z,6.1198177779617104,29.344621019238613
Xo9OHkna,2018-05-05T02:26:40Z,3.3495641317111624,13.4264743746415
QCAWSGcv,2018-05-05T02:26:39Z,-1.9688642044151168,-11.100610468891425
O2Xbek8S,2018-05-05T02:26:40Z,5.282013105163694,29.07510370195259
teYzOfis,2018-05-05T02:26:38Z,6.562756242376015,31.760328506843365
hFHyLOIf,2018-05-05T02:26:41Z,2.1965625845476486,11.775786864209675
Mf6t8Kbb,2018-05-05T02:26:39Z,6.993161056711642,34.1172003087322
ZkSfgoma,2018-05-05T02:26:39Z,0.7638839816968384,0.3544531767336638
pQAbN0yr,2018-05-05T02:26:40Z,2.977740054412508,16.47148822666939
CEpgn6HD,2018-05-05T02:26:40Z,3.2174548686450617,15.02219457858777
b9zQTGme,2018-05-05T02:26:40Z,2.1971866919162806,21.18173177633946
5GAVtAPB,2018-05-05T02:26:41Z,6.2877925768721425,22.992208958975564
6UBksHgu,2018-05-05T02:26:38Z,4.415796672227199,14.575246911971437
WR8bnnbQ,2018-05-05T02:26:39Z,-0.08885486267306764,-0.9507582381472992
kOoNzANY,2018-05-05T02:26:38Z,6.927296272254273,27.754327939442163
UlWvVzg2,2018-05-05T02:26:40Z,3.1020217310597893,20.59866532078636
uAK3zPVq,2018-05-05T02:26:42Z,7.088685472663203,22.439348344141067
B9nHrlC6,2018-05-05T02:26:41Z,5.4575624794451,31.132609266789746
MKPqEr55,2018-05-05T02:26:40Z,4.040194268414818,20.80733888492879
a35m7Gcb,2018-05-05T02:26:39Z,3.0809831432741004,12.23795465895802
oupUo1pi,2018-05-05T02:26:41Z,1.1738515435076775,1.2332986350218986
1wmVIcLH,2018-05-05T02:26:41Z,1.4727280592237428,1.342015858308513
ViPwns42,2018-05-05T02:26:39Z,6.276459729585895,30.202622619327776
KYB3eAwI,2018-05-05T02:26:39Z,6.568261313549577,26.51446562499344
kQLnaALh,2018-05-05T02:26:38Z,0.901257339203239,2.463539335765974
l1q7S9od,2018-05-05T02:26:38Z,2.0912061767023404,13.619881610845457
OgwFf434,2018-05-05T02:26:39Z,3.761499584414378,19.569005860934528
eWyQnS3Y,2018-05-05T02:26:39Z,4.121944053237605,15.466004748311985
AROVwF1s,2018-05-05T04:06:39Z,3.704497465486365,20.72419444265179
rOsFInjF,2018-05-05T04:06:41Z,2.4661909401217956,12.795704645074917
Pgo4JdC3,2018-05-05T04:06:39Z,3.7933750523014202,17.766306443615306
Xo9OHkna,2018-05-05T04:06:39Z,4.370333983457774,25.35087455091508
QCAWSGcv,2018-05-05T04:06:39Z,4.309324262689228,30.567377175754128
O2Xbek8S,2018-05-05T04:06:40Z,4.367806421615818,20.36135488064343
teYzOfis,2018-05-05T04:06:40Z,7.679323972468035,41.85575480711049
hFHyLOIf,2018-05-05T04:06:39Z,2.89429979456048,13.779969503448086
Mf6t8Kbb,2018-05-05T04:06:39Z,0.8836572330461605,-3.8194429115620987
ZkSfgoma,2018-05-05T04:06:41Z,2.6026872065132127,3.3535227613821945
pQAbN0yr,2018-05-05T04:06:40Z,4.738820693249526,20.896326794334207
CEpgn6HD,2018-05-05T04:06:40Z,2.844874023373432,9.598927396541798
b9zQTGme,2018-05-05T04:06:38Z,3.4100965728444717,13.904103119785116
5GAVtAPB,2018-05-05T04:06:41Z,5.2147257693882,18.609075664734778
6UBksHgu,2018-05-05T04:06:38Z,4.966701827049955,23.974690598864782
WR8bnnbQ,2018-05-05T04:06:40Z,5.005191384546895,26.24073553385245
kOoNzANY,2018-05-05T04:06:41Z,6.160490889091067,28.18222432776206
UlWvVzg2,2018-05-05T04:06:40Z,2.16269890775125,9.904248283537195
uAK3zPVq,2018-05-05T04:06:38Z,5.396701673404885,28.415963425755347
B9nHrlC6,2018-05-05T04:06:39Z,5.666369351876958,25.838437186162224
MKPqEr55,2018-05-05T04:06:40Z,5.757952182148253,37.462577461007896
a35m7Gcb,2018-05-05T04:06:40Z,1.6616546432175676,3.7932554402017074
oupUo1pi,2018-05-05T04:06:41Z,5.831337856724265,26.986103419607343
1wmVIcLH,2018-05-05T04:06:40Z,4.990447221278495,21.834500937413313
ViPwns42,2018-05-05T04:06:41Z,2.9143243168590907,13.811623788996219
KYB3eAwI,2018-05-05T04:06:40Z,4.937602386010572,21.15473321403084
kQLnaALh,2018-05-05T04:06:39Z,3.954792563352951,29.305863880490406
l1q7S9od,2018-05-05T04:06:40Z,3.8046853019665203,23.789789760029763
OgwFf434,2018-05-05T04:06:40Z,-0.018946459584824993,-1.6231222813443513
eWyQnS3Y,2018-05-05T04:06:41Z,1.2257249868815463,6.946939522084212
AROVwF1s,2018-05-05T05:46:39Z,1.0802460723869567,5.013640997810355
rOsFInjF,2018-05-05T05:46:40Z,3.7172466742072343,19.35065999947849
Pgo4JdC3,2018-05-05T05:46:38Z,6.911028234807426,38.42108688343034
Xo9OHkna,2018-05-05T05:46:39Z,6.2335101718500745,30.911567105599737
QCAWSGcv,2018-05-05T05:46:39Z,5.658220430451825,27.478308313800557
O2Xbek8S,2018-05-05T05:46:38Z,2.068057264530763,16.199954511320826
teYzOfis,2018-05-05T05:46:38Z,6.319432836591581,30.381292546432412
hFHyLOIf,2018-05-05T05:46:41Z,3.3394759705029577,22.87164131184061
Mf6t8Kbb,2018-05-05T05:46:38Z,6.510898704745575,28.77380961028352
ZkSfgoma,2018-05-05T05:46:39Z,7.375705518755849,39.47728780180329
pQAbN0yr,2018-05-05T05:46:40Z,-1.1186362902591682,-10.426976148521257
CEpgn6HD,2018-05-05T05:46:37Z,4.153462827319055,16.438368066626104
b9zQTGme,2018-05-05T05:46:38Z,4.313802380692413,16.728467853223563
5GAVtAPB,2018-05-05T05:46:39Z,6.271849073253199,31.803231301980066
6UBksHgu,2018-05-05T05:46:37Z,4.505156059680771,19.507493666514865
WR8bnnbQ,2018-05-05T05:46:37Z,3.618425015498743,18.50799358769096
kOoNzANY,2018-05-05T05:46:37Z,0.3366278740530393,-3.7668782341093183
UlWvVzg2,2018-05-05T05:46:40Z,3.687223816685216,18.715875009035123
uAK3zPVq,2018-05-05T05:46:40Z,3.4813092394004026,12.205769153067612
B9nHrlC6,2018-05-05T05:46:39Z,3.5401846750580104,11.464019619422702
MKPqEr55,2018-05-05T05:46:40Z,6.107503923722385,35.92488766717061
a35m7Gcb,2018-05-05T05:46:39Z,5.809797469132992,28.986984299848285
oupUo1pi,2018-05-05T05:46:39Z,4.060462798578552,28.23148843602002
1wmVIcLH,2018-05-05T05:46:40Z,6.126641302916333,38.47170377634943
ViPwns42,2018-05-05T05:46:39Z,7.662315243760817,34.151781417808834
KYB3eAwI,2018-05-05T05:46:38Z,4.1004424070358,18.79764225175784
kQLnaALh,2018-05-05T05:46:40Z,6.1673920736776,40.81442098964611
l1q7S9od,2018-05-05T05:46:38Z,2.7331758685098206,14.37003480355976
OgwFf434,2018-05-05T05:46:39Z,8.22090095314812,47.14225911184499
eWyQnS3Y,2018-05-05T05:46:37Z,3.8317089416496297,17.47625921513596
AROVwF1s,2018-05-05T07:26:39Z,3.9733517525982145,16.89098592893146
rOsFInjF,2018-05-05T07:26:40Z,0.40604654296960474,-3.4820445136629714
Pgo4JdC3,2018-05-05T07:26:38Z,2.9292644137258126,11.356107080777832
Xo9OHkna,2018-05-05T07:26:41Z,2.8053794087583857,11.800057509570841
QCAWSGcv,2018-05-05T07:26:40Z,5.501523128569117,29.260948964622465
O2Xbek8S,2018-05-05T07:26:40Z,0.4151443482684942,3.4914037334011976
teYzOfis,2018-05-05T07:26:39Z,3.543124592426912,22.70095177151241
hFHyLOIf,2018-05-05T07:26:40Z,-0.13541490623696983,-3.4133158132675208
Mf6t8Kbb,2018-05-05T07:26:42Z,0.6953028017884213,0.8749357065755724
ZkSfgoma,2018-05-05T07:26:41Z,6.464892820634687,39.04235311036897
pQAbN0yr,2018-05-05T07:26:38Z,3.9172190352741345,16.3226463478414
CEpgn6HD,2018-05-05T07:26:38Z,2.5386041794690337,12.190253722777005
b9zQTGme,2018-05-05T07:26:39Z,8.344751566401435,46.901527717805045
5GAVtAPB,2018-05-05T07:26:39Z,3.942491524806062,14.507344234252598
6UBksHgu,2018-05-05T07:26:41Z,0.6742072556499372,-5.8532147686139275
WR8bnnbQ,2018-05-05T07:26:40Z,4.780943232030506,20.621639647022306
kOoNzANY,2018-05-05T07:26:38Z,3.0413977279897004,9.379725468787342
UlWvVzg2,2018-05-05T07:26:39Z,3.163908176400125,12.189570284183544
uAK3zPVq,2018-05-05T07:26:39Z,4.527633212004623,20.47982246388734
B9nHrlC6,2018-05-05T07:26:39Z,2.3903276697587943,14.169042587322545
MKPqEr55,2018-05-05T07:26:38Z,5.2190793026711715,32.97324140800919
a35m7Gcb,2018-05-05T07:26:39Z,4.540980469144561,20.67298155027315
oupUo1pi,2018-05-05T07:26:38Z,5.05411015881464,21.037271580501645
1wmVIcLH,2018-05-05T07:26:40Z,1.6146797663084707,5.2895935456350305
ViPwns42,2018-05-05T07:26:41Z,0.47541679284951943,3.0695653085015797
KYB3eAwI,2018-05-05T07:26:41Z,2.1868983195028497,8.957786851256172
kQLnaALh,2018-05-05T07:26:40Z,5.841873527620505,26.51944016499725
l1q7S9od,2018-05-05T07:26:38Z,5.241986322006069,32.90722165603683
OgwFf434,2018-05-05T07:26:39Z,3.5010565222115146,20.56543075332228
eWyQnS3Y,2018-05-05T07:26:39Z,7.761156676031972,37.597135594958594
AROVwF1s,2018-05-05T23:06:40Z,5.5809504251380195,39.27418211195024
rOsFInjF,2018-05-05T23:06:40Z,5.842694078748799,27.5018877915994
Pgo4JdC3,2018-05-05T23:06:39Z,4.1750758828733865,18.614178315991687
Xo9OHkna,2018-05-05T23:06:39Z,4.530157095064814,24.105825834723632
QCAWSGcv,2018-05-05T23:06:42Z,4.095982498840386,24.688906427365524
O2Xbek8S,2018-05-05T23:06:41Z,2.035793601242464,9.366967943831272
teYzOfis,2018-05-05T23:06:40Z,2.9507411203236664,13.398722274008957
hFHyLOIf,2018-05-05T23:06:39Z,7.731053939896741,37.24291420250971
Mf6t8Kbb,2018-05-05T23:06:40Z,5.240246614027483,31.868266978010332
ZkSfgoma,2018-05-05T23:06:40Z,0.15981605418204703,1.6342320635844132
pQAbN0yr,2018-05-05T23:06:40Z,5.064174859634164,19.715782486337034
CEpgn6HD,2018-05-05T23:06:38Z,5.0066922247524905,24.53431167775631
b9zQTGme,2018-05-05T23:06:39Z,1.5911852158995963,6.578455523480052
5GAVtAPB,2018-05-05T23:06:39Z,6.073609557278341,22.031423405381773
6UBksHgu,2018-05-05T23:06:40Z,4.820229160444299,27.5685907521963
WR8bnnbQ,2018-05-05T23:06:39Z,3.138088124991347,16.61546288740395
kOoNzANY,2018-05-05T23:06:39Z,0.8381278462261674,9.721460038826917
UlWvVzg2,2018-05-05T23:06:38Z,2.8567983435772026,11.539528302280523
uAK3zPVq,2018-05-05T23:06:40Z,3.611202965019471,14.845055356024801
B9nHrlC6,2018-05-05T23:06:39Z,3.9628748894180323,16.028600140768496
MKPqEr55,2018-05-05T23:06:38Z,1.9530087115600296,8.803584195089377
a35m7Gcb,2018-05-05T23:06:41Z,3.535254555067938,7.708268621327859
oupUo1pi,2018-05-05T23:06:40Z,6.883965125140714,40.54881176960515
1wmVIcLH,2018-05-05T23:06:38Z,-0.2571286361541585,-5.769919380098625
ViPwns42,2018-05-05T23:06:40Z,2.0551208123819587,5.36875430473087
KYB3eAwI,2018-05-05T23:06:37Z,2.769510630521853,8.974636868655693
kQLnaALh,2018-05-05T23:06:39Z,3.79554250134683,16.803051690867417
l1q7S9od,2018-05-05T23:06:38Z,5.723413356054998,29.72822980464072
OgwFf434,2018-05-05T23:06:40Z,4.041815979765323,31.28757555297019
eWyQnS3Y,2018-05-05T23:06:40Z,3.659071065609229,16.96038893507843
AROVwF1s,2018-05-06T00:46:39Z,4.439983910576595,23.208312436009432
rOsFInjF,2018-05-06T00:46:40Z,5.929703988906419,29.922026033991358
Pgo4JdC3,2018-05-06T00:46:39Z,4.869833659363854,18.857653765307678
Xo9OHkna,2018-05-06T00:46:39Z,6.395218238508516,36.3204138352586
QCAWSGcv,2018-05-06T00:46:40Z,1.3421996589349283,0.9794952424272463
O2Xbek8S,2018-05-06T00:46:41Z,2.9432093937686035,18.282229540195537
teYzOfis,2018-05-06T00:46:40Z,0.32713836612593816,-1.7662752606698011
hFHyLOIf,2018-05-06T00:46:40Z,3.199050864004508,14.87505781065607
Mf6t8Kbb,2018-05-06T00:46:38Z,0.7820008608311664,0.011134887255135784
ZkSfgoma,2018-05-06T00:46:39Z,4.435858755668963,25.02387585594074
pQAbN0yr,2018-05-06T00:46:38Z,1.4106049551511317,1.4996300401073612
CEpgn6HD,2018-05-06T00:46:40Z,4.002538513770123,23.904423841438454
b9zQTGme,2018-05-06T00:46:38Z,5.583805042990117,35.3460501452531
5GAVtAPB,2018-05-06T00:46:39Z,4.702322384053207,23.768337279949467
6UBksHgu,2018-05-06T00:46:38Z,2.950133514967032,8.351314457945257
WR8bnnbQ,2018-05-06T00:46:40Z,4.873714314101269,20.10858976063485
kOoNzANY,2018-05-06T00:46:39Z,7.628973797549728,41.94911986917868
UlWvVzg2,2018-05-06T00:46:40Z,2.3290868520213506,9.64314825378168
uAK3zPVq,2018-05-06T00:46:41Z,5.629112703224733,29.2758741151408
B9nHrlC6,2018-05-06T00:46:39Z,5.831578535830117,29.15274950658544
MKPqEr55,2018-05-06T00:46:40Z,2.0187748699250285,12.248320115933835
a35m7Gcb,2018-05-06T00:46:40Z,2.9062054900387997,12.580476575283885
oupUo1pi,2018-05-06T00:46:40Z,3.418286043571925,13.20761121842725
1wmVIcLH,2018-05-06T00:46:40Z,3.046146161359688,9.555865688206557
ViPwns42,2018-05-06T00:46:39Z,2.533964782930073,14.085706582574684
KYB3eAwI,2018-05-06T00:46:39Z,4.129792450219379,18.02009253956691
kQLnaALh,2018-05-06T00:46:39Z,0.6888200857084241,-1.6284215147747987
l1q7S9od,2018-05-06T00:46:40Z,8.878266659654216,46.832610035472726
OgwFf434,2018-05-06T00:46:41Z,8.049362910648387,43.20341261722195
eWyQnS3Y,2018-05-06T00:46:40Z,4.46569138401541,20.47857314780252
AROVwF1s,2018-05-06T02:26:40Z,9.291601163947206,52.632050652910976
rOsFInjF,2018-05-06T02:26:39Z,2.8076750968022983,14.565517276929498
Pgo4JdC3,2018-05-06T02:26:41Z,2.362484700441387,9.109861877569736
Xo9OHkna,2018-05-06T02:26:40Z,1.6003643374552747,11.04509887293218
QCAWSGcv,2018-05-06T02:26:41Z,6.961569338750495,40.91102567059367
O2Xbek8S,2018-05-06T02:26:41Z,1.9184191266593604,8.127394865583137
teYzOfis,2018-05-06T02:26:40Z,0.8477665125958875,1.6768041613347027
hFHyLOIf,2018-05-06T02:26:39Z,0.6148377033939401,-3.7916461614171046
Mf6t8Kbb,2018-05-06T02:26:40Z,7.5480521519958055,42.59194546867134
ZkSfgoma,2018-05-06T02:26:39Z,5.777805084232251,31.038086512157182
pQAbN0yr,2018-05-06T02:26:38Z,5.990259418382104,33.65133107931923
CEpgn6HD,2018-05-06T02:26:39Z,9.215619786910446,53.556204752989224
b9zQTGme,2018-05-06T02:26:38Z,2.9142325865258254,12.264324821544438
5GAVtAPB,2018-05-06T02:26:40Z,1.9826777965146096,2.297004408920304
6UBksHgu,2018-05-06T02:26:40Z,5.995805354708283,30.298601856420028
WR8bnnbQ,2018-05-06T02:26:39Z,4.180380976092479,14.834701373023192
kOoNzANY,2018-05-06T02:26:38Z,2.6050829170554057,12.432094070931457
UlWvVzg2,2018-05-06T02:26:40Z,2.4496907787394377,14.331935435824583
uAK3zPVq,2018-05-06T02:26:38Z,5.247870481504188,27.136690332205028
B9nHrlC6,2018-05-06T02:26:40Z,1.7773226312778543,5.115457416447233
MKPqEr55,2018-05-06T02:26:39Z,11.567663664779618,69.33286072192902
a35m7Gcb,2018-05-06T02:26:39Z,5.065475532468704,19.248144620021193
oupUo1pi,2018-05-06T02:26:41Z,2.7941140666849202,17.336083069977942
1wmVIcLH,2018-05-06T02:26:39Z,4.163426536758729,18.354403532668393
ViPwns42,2018-05-06T02:26:40Z,4.263632541489423,19.873261142199503
KYB3eAwI,2018-05-06T02:26:42Z,5.809469840376022,27.17433495219522
kQLnaALh,2018-05-06T02:26:38Z,6.6597082866351744,35.762788604007945
l1q7S9od,2018-05-06T02:26:39Z,3.914318783147145,21.841689342520407
OgwFf434,2018-05-06T02:26:40Z,7.027607083772332,40.79887241556503
eWyQnS3Y,2018-05-06T02:26:37Z,6.703501828993874,29.61055098197056
AROVwF1s,2018-05-06T04:06:41Z,2.1268945734421623,15.500542256123598
rOsFInjF,2018-05-06T04:06:40Z,3.747393676314736,12.59331663692095
Pgo4JdC3,2018-05-06T04:06:38Z,4.395644743386168,20.857823567916004
Xo9OHkna,2018-05-06T04:06:40Z,-1.0823748638204878,-7.91851389188473
QCAWSGcv,2018-05-06T04:06:40Z,4.237259457246116,16.703249533092453
O2Xbek8S,2018-05-06T04:06:40Z,7.092637606962949,41.04421602270546
teYzOfis,2018-05-06T04:06:39Z,1.8226611725056245,7.82393305394098
hFHyLOIf,2018-05-06T04:06:39Z,3.8002639693918736,17.24359532015752
Mf6t8Kbb,2018-05-06T04:06:41Z,0.9491532851496656,2.255225398134969
ZkSfgoma,2018-05-06T04:06:41Z,1.3783635136800028,3.7486953745529275
pQAbN0yr,2018-05-06T04:06:40Z,1.9593430386853457,6.362621620045153
CEpgn6HD,2018-05-06T04:06:39Z,3.1293752487234734,18.566979289952695
b9zQTGme,2018-05-06T04:06:39Z,6.217789426841992,38.41646814213748
5GAVtAPB,2018-05-06T04:06:39Z,1.972389954539525,0.5532475261472278
6UBksHgu,2018-05-06T04:06:40Z,3.903474680228746,20.44312189245887
WR8bnnbQ,2018-05-06T04:06:39Z,4.325962678721064,12.616627713597287
kOoNzANY,2018-05-06T04:06:41Z,6.3236369109577595,34.51183352121908
UlWvVzg2,2018-05-06T04:06:39Z,8.232147567075682,46.97354113900182
uAK3zPVq,2018-05-06T04:06:39Z,1.8544130238036378,8.398417412590742
B9nHrlC6,2018-05-06T04:06:38Z,4.58817530797553,19.236990302452377
MKPqEr55,2018-05-06T04:06:41Z,6.657824924369301,34.12770513713572
a35m7Gcb,2018-05-06T04:06:40Z,5.9471509034313454,29.081265036590462
oupUo1pi,2018-05-06T04:06:39Z,3.052481832602142,12.53581889991384
1wmVIcLH,2018-05-06T04:06:39Z,5.836757455895056,26.078068074979313
ViPwns42,2018-05-06T04:06:39Z,5.1189569832750585,20.12222344356207
KYB3eAwI,2018-05-06T04:06:38Z,3.27724759339896,22.39113495690959
kQLnaALh,2018-05-06T04:06:40Z,2.921104898983203,17.850035893770563
l1q7S9od,2018-05-06T04:06:39Z,0.6059688280199542,-0.85910858796418
OgwFf434,2018-05-06T04:06:39Z,5.056809697445228,27.80645177170859
eWyQnS3Y,2018-05-06T04:06:39Z,-2.9899034797339272,-22.764542231335952
AROVwF1s,2018-05-06T05:46:38Z,5.953706947060292,30.77441838938448
rOsFInjF,2018-05-06T05:46:41Z,7.088366835602825,35.10443105972792
Pgo4JdC3,2018-05-06T05:46:38Z,1.7517959624922859,9.520935682637242
Xo9OHkna,2018-05-06T05:46:38Z,9.51599093393245,43.202604546758124
QCAWSGcv,2018-05-06T05:46:38Z,6.280183706731634,35.64790261875569
O2Xbek8S,2018-05-06T05:46:40Z,5.427583917654823,29.512029622177913
teYzOfis,2018-05-06T05:46:40Z,4.876676946903027,27.12560852510255
hFHyLOIf,2018-05-06T05:46:40Z,5.656299997312962,31.360492599017647
Mf6t8Kbb,2018-05-06T05:46:40Z,2.2362220078439186,5.661045681822819
ZkSfgoma,2018-05-06T05:46:39Z,3.1982787860034665,14.566570676033608
pQAbN0yr,2018-05-06T05:46:38Z,2.3398745042304356,11.80340966950307
CEpgn6HD,2018-05-06T05:46:40Z,2.3855824196774855,9.20435892558055
b9zQTGme,2018-05-06T05:46:38Z,3.7195478809913882,16.929978884388397
5GAVtAPB,2018-05-06T05:46:40Z,8.75275452240638,43.61399848364738
6UBksHgu,2018-05-06T05:46:41Z,5.79948721431033,37.095808264170046
WR8bnnbQ,2018-05-06T05:46:40Z,8.618815950245105,42.11693852248932
kOoNzANY,2018-05-06T05:46:40Z,4.1986190193157,15.812480499202266
UlWvVzg2,2018-05-06T05:46:39Z,7.562074611097017,42.556745345030684
uAK3zPVq,2018-05-06T05:46:39Z,6.368557358420728,25.92033408716849
B9nHrlC6,2018-05-06T05:46:38Z,1.658432098683675,3.9611166361465893
MKPqEr55,2018-05-06T05:46:40Z,5.678692833885411,32.65682409498019
a35m7Gcb,2018-05-06T05:46:39Z,1.5875844611218715,3.809231921456308
oupUo1pi,2018-05-06T05:46:39Z,6.494985418157811,29.3594425633871
1wmVIcLH,2018-05-06T05:46:39Z,0.23631459301333546,-1.156130408305259
ViPwns42,2018-05-06T05:46:40Z,3.4078767821346374,14.473510703651483
KYB3eAwI,2018-05-06T05:46:39Z,2.7205729579038778,8.605988881075682
kQLnaALh,2018-05-06T05:46:40Z,3.294520537241503,17.59818958893455
l1q7S9od,2018-05-06T05:46:39Z,-0.42306404057796865,-1.1804075339414517
OgwFf434,2018-05-06T05:46:39Z,5.086590121367136,30.29140702178502
eWyQnS3Y,2018-05-06T05:46:40Z,2.2624889878037457,9.185749535227586
AROVwF1s,2018-05-06T07:26:38Z,3.0137427394845604,14.746159139066753
rOsFInjF,2018-05-06T07:26:39Z,2.5665749801314117,8.944931725367763
Pgo4JdC3,2018-05-06T07:26:38Z,5.142929259236379,23.00510948471896
Xo9OHkna,2018-05-06T07:26:40Z,3.900397632335554,18.93111813840531
QCAWSGcv,2018-05-06T07:26:40Z,4.900632465715683,19.568850255244456
O2Xbek8S,2018-05-06T07:26:40Z,5.343989645684091,28.773389200872412
teYzOfis,2018-05-06T07:26:38Z,6.9848636442909715,39.11889542306473
hFHyLOIf,2018-05-06T07:26:38Z,3.108375388919597,24.707048402263986
Mf6t8Kbb,2018-05-06T07:26:40Z,7.891571282360089,34.41899820633877
ZkSfgoma,2018-05-06T07:26:41Z,3.178133580568391,17.6737320601421
pQAbN0yr,2018-05-06T07:26:40Z,5.94283253295431,32.55255210819038
CEpgn6HD,2018-05-06T07:26:41Z,3.3980961255701474,17.578835130543393
b9zQTGme,2018-05-06T07:26:39Z,1.8820446779305744,7.804656623863347
5GAVtAPB,2018-05-06T07:26:39Z,6.499123554627712,26.053324058758847
6UBksHgu,2018-05-06T07:26:38Z,2.5060949794262903,5.841493142039655
WR8bnnbQ,2018-05-06T07:26:42Z,1.1435464302432492,6.424288076085097
kOoNzANY,2018-05-06T07:26:39Z,3.430610311004555,10.573593583632201
UlWvVzg2,2018-05-06T07:26:38Z,6.7795460161214764,30.00136196570086
uAK3zPVq,2018-05-06T07:26:41Z,6.397208015651177,29.806529453249563
B9nHrlC6,2018-05-06T07:26:39Z,2.8949881221091633,15.03940006158949
MKPqEr55,2018-05-06T07:26:40Z,3.2514118509820156,15.610655597321928
a35m7Gcb,2018-05-06T07:26:39Z,1.2502506378849465,6.784809700808477
oupUo1pi,2018-05-06T07:26:40Z,3.865817918469946,25.742073368267775
1wmVIcLH,2018-05-06T07:26:40Z,6.376835860746018,29.73772604371307
ViPwns42,2018-05-06T07:26:41Z,4.712644885579802,19.67981503238031
KYB3eAwI,2018-05-06T07:26:42Z,2.580731868727436,12.877332696701057
kQLnaALh,2018-05-06T07:26:37Z,4.755000920385715,28.36053226257288
l1q7S9od,2018-05-06T07:26:40Z,3.5249562788714677,27.207341986427544
OgwFf434,2018-05-06T07:26:40Z,2.649665157346047,18.756724199517624
eWyQnS3Y,2018-05-06T07:26:39Z,3.915128921232347,16.49452329787472
